epoch,time,train/box_loss,train/cls_loss,train/dfl_loss,metrics/precision(B),metrics/recall(B),metrics/mAP50(B),metrics/mAP50-95(B),val/box_loss,val/cls_loss,val/dfl_loss,lr/pg0,lr/pg1,lr/pg2
1,46.5517,1.70468,3.66159,1.41799,0.02356,0.26744,0.15911,0.09959,1.30441,inf,1.11218,0.00020006,0.00020006,0.00020006
2,70.7616,1.29822,2.7058,1.10749,0.01136,0.10009,0.0363,0.01797,1.5195,inf,1.39037,0.000410307,0.000410307,0.000410307
3,91.5883,1.24637,1.58249,1.08177,0.75784,0.16459,0.18669,0.11941,1.3673,inf,1.17573,0.000616311,0.000616311,0.000616311
4,110.388,1.15038,1.1549,1.05047,0.09454,0.5785,0.38373,0.25131,1.14292,inf,1.04668,0.00081807,0.00081807,0.00081807
5,133.243,1.07953,1.01871,1.02694,0.93947,0.23013,0.60573,0.39776,1.09473,inf,1.03098,0.00101558,0.00101558,0.00101558
6,154.26,1.07603,0.97419,1.02182,0.85447,0.39772,0.77238,0.5085,1.07286,inf,1.02644,0.00120886,0.00120886,0.00120886
7,175.777,1.05242,0.94075,1.01672,0.85712,0.54525,0.78359,0.52737,1.03261,inf,1.01479,0.00134412,0.00134412,0.00134412
8,198.428,1.03484,0.90507,1.00897,0.78315,0.71509,0.82234,0.54524,1.0508,inf,1.02412,0.00132997,0.00132997,0.00132997
9,217.194,1.01713,0.89631,1.00768,0.78072,0.71944,0.80529,0.53989,1.03273,inf,1.01862,0.00131582,0.00131582,0.00131582
10,239.861,1.01298,0.8634,1.00091,0.79265,0.7016,0.80132,0.52428,1.06175,inf,1.02998,0.00130168,0.00130168,0.00130168
11,261.249,1.01073,0.84893,0.9971,0.77096,0.70171,0.75376,0.46466,1.19655,inf,1.08134,0.00128753,0.00128753,0.00128753
12,281.664,0.98899,0.83119,0.99673,0.80442,0.76071,0.82136,0.54808,1.02429,inf,1.01629,0.00127338,0.00127338,0.00127338
13,302.292,0.99287,0.8291,0.99535,0.77827,0.77893,0.82894,0.56268,0.97231,inf,0.99902,0.00125923,0.00125923,0.00125923
14,323.75,0.99339,0.80833,0.99301,0.83078,0.77606,0.8478,0.56045,1.01762,inf,1.0018,0.00124509,0.00124509,0.00124509
15,344.803,0.97886,0.79788,0.98646,0.81225,0.78361,0.83838,0.55432,1.02452,inf,1.01278,0.00123094,0.00123094,0.00123094
16,365.23,0.98555,0.79363,0.99328,0.80586,0.77624,0.84216,0.58175,0.96769,inf,0.99867,0.00121679,0.00121679,0.00121679
17,386.512,0.9737,0.77951,0.98728,0.80625,0.77371,0.82773,0.52375,1.10806,inf,1.03898,0.00120265,0.00120265,0.00120265
18,407.52,0.9617,0.76774,0.98262,0.83698,0.78857,0.85268,0.56697,1.0065,inf,1.00309,0.0011885,0.0011885,0.0011885
19,429.352,0.96166,0.76479,0.98073,0.83904,0.78263,0.86068,0.59516,0.95623,inf,0.98689,0.00117435,0.00117435,0.00117435
20,451.189,0.98855,0.76897,0.98955,0.82094,0.78162,0.84527,0.56812,0.99105,inf,0.99326,0.00116021,0.00116021,0.00116021
21,472.326,0.96025,0.75406,0.98144,0.82829,0.80437,0.86805,0.59895,0.9429,inf,0.98394,0.00114606,0.00114606,0.00114606
22,493.711,0.95699,0.74542,0.98209,0.83002,0.81666,0.86999,0.60846,0.92045,inf,0.97875,0.00113191,0.00113191,0.00113191
23,515.284,0.95983,0.74072,0.97908,0.82265,0.79667,0.86582,0.60274,0.93928,inf,0.98523,0.00111776,0.00111776,0.00111776
24,536.962,0.9461,0.73773,0.98192,0.82983,0.80024,0.86413,0.60408,0.94669,inf,0.98908,0.00110362,0.00110362,0.00110362
25,558.377,0.94813,0.73099,0.97929,0.8358,0.8004,0.86946,0.60766,0.94151,inf,0.9817,0.00108947,0.00108947,0.00108947
26,577.793,0.9483,0.72101,0.97862,0.81021,0.76724,0.83206,0.56757,0.99016,inf,1.00333,0.00107532,0.00107532,0.00107532
27,600.027,0.94822,0.72706,0.97824,0.82307,0.78428,0.85433,0.57224,0.99984,inf,1.00104,0.00106118,0.00106118,0.00106118
28,621.4,0.93209,0.71026,0.97206,0.81374,0.79457,0.8463,0.55332,1.03769,inf,1.00949,0.00104703,0.00104703,0.00104703
29,640.775,0.93842,0.70489,0.97748,0.80465,0.8068,0.85562,0.56725,1.03801,inf,1.01452,0.00103288,0.00103288,0.00103288
30,662.243,0.94324,0.71363,0.98001,0.84686,0.8018,0.86667,0.59379,0.98461,inf,0.99921,0.00101873,0.00101873,0.00101873
31,683.442,0.93027,0.70569,0.97306,0.83686,0.79785,0.86825,0.59572,0.96063,inf,0.98557,0.00100459,0.00100459,0.00100459
32,706.359,0.93437,0.69934,0.97419,0.86475,0.81452,0.88982,0.62646,0.93615,inf,0.98131,0.00099044,0.00099044,0.00099044
33,727.79,0.93413,0.69728,0.97335,0.85438,0.80586,0.87981,0.61656,0.92006,inf,0.97285,0.000976293,0.000976293,0.000976293
34,748.33,0.93417,0.69756,0.97538,0.85078,0.815,0.88107,0.61052,0.95358,inf,0.98441,0.000962146,0.000962146,0.000962146
35,770.21,0.92434,0.68879,0.96936,0.8557,0.8062,0.87525,0.62024,0.92504,inf,0.9805,0.000947999,0.000947999,0.000947999
36,793.041,0.92803,0.68659,0.97075,0.84277,0.80235,0.86692,0.58985,1.00106,inf,1.00477,0.000933851,0.000933851,0.000933851
37,813.359,0.92315,0.67951,0.97003,0.83792,0.81025,0.8765,0.60388,0.95621,inf,0.98438,0.000919704,0.000919704,0.000919704
38,835.677,0.91374,0.676,0.96705,0.85301,0.81885,0.88139,0.61958,0.92928,inf,0.97871,0.000905557,0.000905557,0.000905557
39,856.211,0.91639,0.67139,0.96852,0.84965,0.82147,0.88613,0.63126,0.90413,inf,0.97099,0.00089141,0.00089141,0.00089141
40,878.027,0.91992,0.6751,0.96927,0.85639,0.80329,0.8729,0.60839,0.93924,inf,0.98677,0.000877263,0.000877263,0.000877263
41,898.928,0.90588,0.65953,0.96375,0.83971,0.80037,0.86874,0.58052,1.02508,inf,1.00471,0.000863116,0.000863116,0.000863116
42,920.824,0.90634,0.65784,0.96483,0.85873,0.82145,0.88732,0.63068,0.91196,inf,0.9728,0.000848969,0.000848969,0.000848969
43,941.539,0.91738,0.65985,0.96657,0.86011,0.81219,0.88387,0.62021,0.94084,inf,0.98083,0.000834822,0.000834822,0.000834822
44,963.527,0.90289,0.65599,0.96377,0.84981,0.80078,0.87088,0.61256,0.9393,inf,0.98585,0.000820675,0.000820675,0.000820675
45,983.366,0.9066,0.65119,0.96175,0.8365,0.79869,0.87013,0.59505,0.9597,inf,0.98307,0.000806528,0.000806528,0.000806528
46,1005.12,0.90106,0.65215,0.96144,0.85117,0.80545,0.8775,0.61581,0.92374,inf,0.97541,0.00079238,0.00079238,0.00079238
47,1028.01,0.90679,0.65041,0.96131,0.85022,0.81227,0.88309,0.62032,0.92981,inf,0.97575,0.000778233,0.000778233,0.000778233
48,1048.64,0.89516,0.64468,0.95676,0.84971,0.81684,0.88334,0.60486,0.9818,inf,0.98785,0.000764086,0.000764086,0.000764086
49,1070.02,0.89602,0.64427,0.95987,0.83889,0.80599,0.87731,0.60217,0.96742,inf,0.98239,0.000749939,0.000749939,0.000749939
50,1091.85,0.89776,0.63644,0.96113,0.86614,0.81934,0.89054,0.63669,0.9047,inf,0.9701,0.000735792,0.000735792,0.000735792
51,1112.42,0.89894,0.641,0.96014,0.85959,0.81908,0.89038,0.63781,0.89624,inf,0.96453,0.000721645,0.000721645,0.000721645
52,1134.27,0.89109,0.63498,0.95607,0.8526,0.82399,0.88958,0.62712,0.92917,inf,0.97536,0.000707498,0.000707498,0.000707498
53,1155.26,0.89229,0.63239,0.9589,0.86285,0.82483,0.89062,0.63488,0.90984,inf,0.97276,0.000693351,0.000693351,0.000693351
54,1176.31,0.88824,0.62811,0.9597,0.86548,0.82506,0.89299,0.63366,0.91183,inf,0.9708,0.000679204,0.000679204,0.000679204
55,1199.78,0.8937,0.63083,0.95721,0.86797,0.82465,0.89414,0.63993,0.90061,inf,0.96908,0.000665057,0.000665057,0.000665057
56,1219.74,0.88388,0.62227,0.9564,0.8498,0.82557,0.88527,0.61558,0.96347,inf,0.99168,0.000650909,0.000650909,0.000650909
57,1239.21,0.89133,0.62656,0.95648,0.86013,0.81945,0.89209,0.63368,0.92121,inf,0.97135,0.000636762,0.000636762,0.000636762
58,1261.12,0.89215,0.62217,0.95727,0.86576,0.81438,0.89102,0.62451,0.95597,inf,0.98349,0.000622615,0.000622615,0.000622615
59,1283.18,0.87933,0.61555,0.95476,0.85185,0.82021,0.88779,0.62102,0.95234,inf,0.98769,0.000608468,0.000608468,0.000608468
60,1303.89,0.87629,0.61328,0.952,0.8617,0.82056,0.89243,0.63895,0.90184,inf,0.96616,0.000594321,0.000594321,0.000594321
61,1325,0.87936,0.61477,0.95604,0.87296,0.83197,0.89975,0.6462,0.90015,inf,0.96458,0.000580174,0.000580174,0.000580174
62,1346.82,0.88273,0.60928,0.95267,0.86898,0.8166,0.89263,0.63664,0.90532,inf,0.9674,0.000566027,0.000566027,0.000566027
63,1369.81,0.8816,0.60838,0.95242,0.86971,0.81693,0.88917,0.63227,0.91299,inf,0.97074,0.00055188,0.00055188,0.00055188
64,1391.23,0.87665,0.60734,0.94916,0.85833,0.81708,0.88807,0.61284,0.97059,inf,0.98349,0.000537733,0.000537733,0.000537733
65,1410.81,0.87477,0.60664,0.9537,0.84371,0.81414,0.87679,0.59786,0.97157,inf,0.98636,0.000523586,0.000523586,0.000523586
66,1433.37,0.87364,0.60868,0.94953,0.85538,0.81534,0.87992,0.58965,1.00367,inf,0.99797,0.000509438,0.000509438,0.000509438
67,1454.3,0.86735,0.6014,0.94756,0.86517,0.8344,0.89749,0.64424,0.89681,inf,0.96959,0.000495291,0.000495291,0.000495291
68,1474.65,0.87401,0.60507,0.95017,0.85659,0.82174,0.88929,0.61988,0.9553,inf,0.9832,0.000481144,0.000481144,0.000481144
69,1495.98,0.8647,0.59332,0.94685,0.87129,0.8218,0.89688,0.65067,0.88383,inf,0.96477,0.000466997,0.000466997,0.000466997
70,1517.98,0.8596,0.59553,0.9495,0.86888,0.82927,0.898,0.64633,0.89274,inf,0.96647,0.00045285,0.00045285,0.00045285
71,1538.31,0.8636,0.59529,0.94495,0.85873,0.82503,0.89099,0.61041,0.96806,inf,0.99127,0.000438703,0.000438703,0.000438703
72,1560.67,0.86278,0.59127,0.9472,0.86659,0.83045,0.8965,0.63505,0.92506,inf,0.97358,0.000424556,0.000424556,0.000424556
73,1581.58,0.85833,0.58871,0.94542,0.86647,0.82013,0.89236,0.62761,0.93017,inf,0.97789,0.000410409,0.000410409,0.000410409
74,1602.24,0.85084,0.5877,0.9416,0.84966,0.81306,0.88382,0.59443,1.00043,inf,0.99688,0.000396262,0.000396262,0.000396262
75,1624.44,0.85393,0.58678,0.94392,0.87607,0.82642,0.89877,0.64506,0.90166,inf,0.97045,0.000382115,0.000382115,0.000382115
76,1646.26,0.85844,0.5883,0.94433,0.8715,0.83067,0.89814,0.62438,0.94249,inf,0.97831,0.000367967,0.000367967,0.000367967
77,1667.45,0.86317,0.58397,0.94763,0.87187,0.82947,0.89563,0.63849,0.90868,inf,0.97065,0.00035382,0.00035382,0.00035382
78,1688.91,0.85986,0.58718,0.94313,0.87948,0.82455,0.89868,0.65264,0.88495,inf,0.96425,0.000339673,0.000339673,0.000339673
79,1712.79,0.84774,0.57506,0.9422,0.86644,0.83437,0.90029,0.64966,0.89862,inf,0.97004,0.000325526,0.000325526,0.000325526
80,1734.56,0.85353,0.58229,0.94424,0.86799,0.83576,0.90039,0.65293,0.88553,inf,0.96617,0.000311379,0.000311379,0.000311379
81,1756.03,0.84621,0.5768,0.93911,0.8703,0.83206,0.90128,0.65526,0.87822,inf,0.96262,0.000297232,0.000297232,0.000297232
82,1776.71,0.83928,0.57008,0.93729,0.87535,0.83159,0.90022,0.65081,0.89276,inf,0.96505,0.000283085,0.000283085,0.000283085
83,1798.11,0.84093,0.56808,0.93934,0.87468,0.83319,0.90174,0.65816,0.87481,inf,0.9604,0.000268938,0.000268938,0.000268938
84,1819.98,0.84394,0.57425,0.94265,0.87311,0.83351,0.90284,0.65611,0.88767,inf,0.96358,0.000254791,0.000254791,0.000254791
85,1842.16,0.84954,0.56962,0.93938,0.86922,0.82219,0.89394,0.62096,0.96773,inf,0.98835,0.000240644,0.000240644,0.000240644
86,1863.39,0.83918,0.56795,0.93825,0.87521,0.82417,0.89842,0.64633,0.90058,inf,0.96962,0.000226497,0.000226497,0.000226497
87,1883.16,0.83746,0.56374,0.93763,0.86981,0.82606,0.89572,0.64074,0.91198,inf,0.96932,0.000212349,0.000212349,0.000212349
88,1906.31,0.83452,0.56354,0.93981,0.88069,0.82723,0.90003,0.65341,0.88407,inf,0.96326,0.000198202,0.000198202,0.000198202
89,1929.73,0.8382,0.56294,0.93822,0.87124,0.83166,0.8988,0.64689,0.90328,inf,0.96777,0.000184055,0.000184055,0.000184055
90,1950.33,0.83155,0.56043,0.93452,0.87646,0.82926,0.89912,0.649,0.89322,inf,0.96583,0.000169908,0.000169908,0.000169908
91,1988.2,0.83827,0.58381,0.9483,0.85439,0.80641,0.87279,0.61789,0.92472,inf,0.9781,0.000155761,0.000155761,0.000155761
92,2013.03,0.80885,0.52858,0.93586,0.87784,0.82321,0.89401,0.64939,0.88748,inf,0.96412,0.000141614,0.000141614,0.000141614
93,2033.16,0.80158,0.51349,0.93502,0.8705,0.83596,0.89832,0.64651,0.90108,inf,0.97087,0.000127467,0.000127467,0.000127467
94,2050.8,0.80561,0.51711,0.93383,0.87393,0.83254,0.8995,0.64368,0.91035,inf,0.9713,0.00011332,0.00011332,0.00011332
95,2073.74,0.80239,0.51118,0.93325,0.86865,0.83616,0.89916,0.64372,0.9084,inf,0.97051,9.91726e-05,9.91726e-05,9.91726e-05
96,2093.62,0.79909,0.50895,0.9333,0.87287,0.83012,0.89809,0.63962,0.91937,inf,0.97376,8.50255e-05,8.50255e-05,8.50255e-05
97,2113.7,0.80124,0.51055,0.93616,0.87637,0.8323,0.90064,0.65037,0.89332,inf,0.96808,7.08784e-05,7.08784e-05,7.08784e-05
98,2132.98,0.79469,0.50634,0.92827,0.87041,0.83432,0.90033,0.65317,0.88618,inf,0.966,5.67313e-05,5.67313e-05,5.67313e-05
99,2154.32,0.79577,0.50495,0.93049,0.87788,0.82959,0.90021,0.654,0.88419,inf,0.96465,4.25842e-05,4.25842e-05,4.25842e-05
100,2174.75,0.78831,0.49742,0.92921,0.87717,0.83016,0.9002,0.65067,0.89194,inf,0.96784,2.84371e-05,2.84371e-05,2.84371e-05
